<?xml version="1.0" encoding="UTF-8" standalone="yes"?>
<addon id="plugin.program.voidwizard" name="The Void Wizard" version="0.1.7" provider-name="Void">
  <requires>
    <import addon="xbmc.python" version="2.1.0"/>
  </requires>
  <extension point="xbmc.python.pluginsource" library="default.py">
    <provides>executable</provides>
  </extension>
  <extension point="xbmc.service" library="startup.py" start="startup" />
  <extension point="xbmc.addon.metadata">
    <summary lang="en">The Void Wizard</summary>
    <description lang="en">The Void Wizard allows you to get access to the latest Void Custom Builds.</description>
    <platform>all</platform>
  </extension>
</addon>