<?xml version="1.0" encoding="UTF-8" standalone="yes"?>
<addon id="plugin.video.letstalkcomics"
	name="Lets Talk Comics"
	version="0.0.1"
	provider-name="Voidbuilds">
  <requires>
    <import addon="xbmc.python" version="2.1.0"/>
    <import addon="script.module.addon.common" version="2.0.0"/>
    <import addon="plugin.video.youtube" version="5.0.0"/>
  </requires>
  <extension point="xbmc.python.pluginsource" library="default.py">
    <provides>video</provides>
  </extension>
  <extension point="xbmc.addon.metadata">
    <summary lang="en">Various Youtube Channels</summary>
    <description lang="en">The new form of reading </description>
    <platform>all</platform>
  </extension>
</addon>
